file_id,worksheet_id,extension,path,duration_ms,blocks_body,blocks_heading,timestamp
01M2X9EWX2Y4H9JMFBNAB9V725,01M2X9EWX1ERESDV2E7CGGCCWB,pdf,/home/michael/Documents/csc-404/MIVA-CSC404LL_Y4_02_02_Logistic Regression.pdf,4836,75,37,2026-09-19T16:54:47.992440849Z
01M2X9EWX2E3TYSDGRMTVEV2Y0,01M2X9EWX1ERESDV2E7CGGCCWB,pdf,/home/michael/Documents/csc-404/MIVA-CSC404LL_Y4_02_01_Introduction to Supervised Learning.pptx.pdf,4971,106,60,2026-09-19T16:54:48.126034229Z
01M2X9EWX23BPDC1X7RV0YC4GE,01M2X9EWX1ERESDV2E7CGGCCWB,pdf,"/home/michael/Documents/csc-404/MIVA-CSC404LL_Y4_02_03_SVM Theory_ Margins, Hyperplanes, and Kernels.pdf.pdf",5026,69,35,2026-09-19T16:54:48.182351806Z
01M2X9EWX2T3M5NVXRS0JESHSD,01M2X9EWX1ERESDV2E7CGGCCWB,pdf,/home/michael/Documents/csc-404/CSC 404_Machine Learning_Course Material.docx.pdf,10419,1345,271,2026-09-19T16:54:53.573170215Z
01M2X9EWX3Y9RV10Y5C0BYC2P3,01M2X9EWX1ERESDV2E7CGGCCWB,pdf,/home/michael/Documents/csc-404/MIVA-CSC404RM_Y4_02_03 (1).pdf,469,61,29,2026-09-19T16:54:54.840917448Z
01M2X9EWX2BRXTBWGGTN55FMH7,01M2X9EWX1ERESDV2E7CGGCCWB,pdf,/home/michael/Documents/csc-404/MIVA-CSC404LL_Y4_02_04_Feature selection_ Techniques and importance.pptx.pdf,577,62,29,2026-09-19T16:54:54.94834099Z
01M2X9EWX3JQJKCJD6THH6GGYE,01M2X9EWX1ERESDV2E7CGGCCWB,pdf,/home/michael/Documents/csc-404/MIVA-CSC404RM_Y4_02_01.pdf,647,39,26,2026-09-19T16:54:55.018703565Z
01M2X9EWX371RTPYZD2ATAKS5W,01M2X9EWX1ERESDV2E7CGGCCWB,pdf,/home/michael/Documents/csc-404/MIVA-CSC404RM_Y4_02_02.pdf,705,50,25,2026-09-19T16:54:55.077132014Z
01M2X9EWX3QJH4HFYJP4D5M6E4,01M2X9EWX1ERESDV2E7CGGCCWB,pdf,/home/michael/Documents/csc-404/MIVA-CSC404RM_Y4_02_04 (1).pdf,457,55,25,2026-09-19T16:54:55.561813469Z
01M2X9EWX4AJMTMPP6BRQFGNH9,01M2X9EWX1ERESDV2E7CGGCCWB,pdf,/home/michael/Documents/csc-404/MIVA-CSC404RM_Y4_02_05  (1).pdf,545,49,31,2026-09-19T16:54:55.651206707Z
01M2X9EWX3VHSFG0T7CP5BYJDB,01M2X9EWX1ERESDV2E7CGGCCWB,pdf,/home/michael/Documents/csc-404/MIVA-CSC404RM_Y4_02_04.pdf,724,58,26,2026-09-19T16:54:55.829171756Z
01M2X9EWX3B4XW6EZM79A3RP5G,01M2X9EWX1ERESDV2E7CGGCCWB,pdf,/home/michael/Documents/csc-404/MIVA-CSC404RM_Y4_02_05 .pdf,777,49,31,2026-09-19T16:54:55.882568207Z
01M2X9EWX5QD89W1EB69JBZEWB,01M2X9EWX1ERESDV2E7CGGCCWB,pdf,/home/michael/Documents/csc-404/MIVA-CSC404RM_Y4_02_07.pdf,464,38,18,2026-09-19T16:54:56.375731323Z
01M2X9EWX6P85N2FP69NJS7YW0,01M2X9EWX1ERESDV2E7CGGCCWB,pdf,/home/michael/Documents/csc-404/MIVA-CSC404RM_Y4_02_08.pdf,567,53,27,2026-09-19T16:54:56.478759167Z
01M2X9EWX4CNFFWEFQVERF03GN,01M2X9EWX1ERESDV2E7CGGCCWB,pdf,/home/michael/Documents/csc-404/MIVA-CSC404RM_Y4_02_06.pdf,667,51,23,2026-09-19T16:54:56.579363071Z
01M2X9EWX63REZMSP69ETH4VXT,01M2X9EWX1ERESDV2E7CGGCCWB,pdf,/home/michael/Documents/csc-404/MIVA-CSC404RM_Y4_02_09.pdf,746,42,20,2026-09-19T16:54:56.658163318Z
01M2X9EWX7RZMCDEBF6MMQJ5NV,01M2X9EWX1ERESDV2E7CGGCCWB,pdf,/home/michael/Documents/csc-404/MIVA-CSC404WS_Y4_02_02.pdf,216,26,11,2026-09-19T16:54:56.909694201Z
01M2X9EWX7T4E12QFW57E5GC05,01M2X9EWX1ERESDV2E7CGGCCWB,pdf,/home/michael/Documents/csc-404/MIVA-CSC404WS_Y4_02_01.pdf,278,31,22,2026-09-19T16:54:56.971914743Z
01M2X9EWX7G66QRB29R2VKQXME,01M2X9EWX1ERESDV2E7CGGCCWB,pdf,/home/michael/Documents/csc-404/Week_5__Multi-class_Logistic_Regression_and_Ranking.pdf,318,24,4,2026-09-19T16:54:57.01235472Z
01M2X9HV2ZJRGAG6K8DBE9P867,01M2X9HV2X0W5JSGJ7VY0VSMMN,pdf,/home/michael/Documents/csc-404/MIVA-CSC404LL_Y4_02_02_Logistic Regression.pdf,4955,75,37,2026-09-19T16:56:24.537780703Z
01M2X9HV2ZRDEXBXC1ZHSD2TXM,01M2X9HV2X0W5JSGJ7VY0VSMMN,pdf,"/home/michael/Documents/csc-404/MIVA-CSC404LL_Y4_02_03_SVM Theory_ Margins, Hyperplanes, and Kernels.pdf.pdf",5101,69,35,2026-09-19T16:56:24.687669357Z
01M2X9HV2Y49D5WR2EFK6ARWTK,01M2X9HV2X0W5JSGJ7VY0VSMMN,pdf,/home/michael/Documents/csc-404/MIVA-CSC404LL_Y4_02_01_Introduction to Supervised Learning.pptx.pdf,5124,106,60,2026-09-19T16:56:24.707066142Z
01M2X9HV2YSJV9Z7YH189AE452,01M2X9HV2X0W5JSGJ7VY0VSMMN,pdf,/home/michael/Documents/csc-404/CSC 404_Machine Learning_Course Material.docx.pdf,10642,1345,271,2026-09-19T16:56:30.227531868Z
01M2X9HV2ZDWWKN869C41P8KNV,01M2X9HV2X0W5JSGJ7VY0VSMMN,pdf,/home/michael/Documents/csc-404/MIVA-CSC404LL_Y4_02_04_Feature selection_ Techniques and importance.pptx.pdf,488,62,29,2026-09-19T16:56:31.514901658Z
01M2X9HV2Z694Y06EC5P06ZZ21,01M2X9HV2X0W5JSGJ7VY0VSMMN,pdf,/home/michael/Documents/csc-404/MIVA-CSC404RM_Y4_02_01.pdf,565,39,26,2026-09-19T16:56:31.591433577Z
01M2X9HV2Z27HB1FE39WN9F3ZJ,01M2X9HV2X0W5JSGJ7VY0VSMMN,pdf,/home/michael/Documents/csc-404/MIVA-CSC404RM_Y4_02_02.pdf,632,50,25,2026-09-19T16:56:31.658595551Z
01M2X9HV2Z075465NWHKNRGZAR,01M2X9HV2X0W5JSGJ7VY0VSMMN,pdf,/home/michael/Documents/csc-404/MIVA-CSC404RM_Y4_02_03 (1).pdf,701,61,29,2026-09-19T16:56:31.728288726Z
01M2X9HV2ZEMTAQAHV7T17GVCE,01M2X9HV2X0W5JSGJ7VY0VSMMN,pdf,/home/michael/Documents/csc-404/MIVA-CSC404RM_Y4_02_04 (1).pdf,453,55,25,2026-09-19T16:56:32.213258366Z
01M2X9HV2ZXKWMCZM7JA2PX803,01M2X9HV2X0W5JSGJ7VY0VSMMN,pdf,/home/michael/Documents/csc-404/MIVA-CSC404RM_Y4_02_04.pdf,603,58,26,2026-09-19T16:56:32.362777345Z
01M2X9HV305G4S5WD9K4KZNEAV,01M2X9HV2X0W5JSGJ7VY0VSMMN,pdf,/home/michael/Documents/csc-404/MIVA-CSC404RM_Y4_02_05 .pdf,650,49,31,2026-09-19T16:56:32.410244536Z
01M2X9HV309FNTRS0ZZZ1EPAQK,01M2X9HV2X0W5JSGJ7VY0VSMMN,pdf,/home/michael/Documents/csc-404/MIVA-CSC404RM_Y4_02_05  (1).pdf,718,49,31,2026-09-19T16:56:32.4784644Z
01M2X9HV30TEEV2AE5VZJ1Y141,01M2X9HV2X0W5JSGJ7VY0VSMMN,pdf,/home/michael/Documents/csc-404/MIVA-CSC404RM_Y4_02_07.pdf,448,38,18,2026-09-19T16:56:32.961457972Z
01M2X9HV30VYB98G63CNNEHQ4H,01M2X9HV2X0W5JSGJ7VY0VSMMN,pdf,/home/michael/Documents/csc-404/MIVA-CSC404RM_Y4_02_06.pdf,528,51,23,2026-09-19T16:56:33.040882002Z
01M2X9HV30DJ2QRFKK673GGPS1,01M2X9HV2X0W5JSGJ7VY0VSMMN,pdf,/home/michael/Documents/csc-404/MIVA-CSC404RM_Y4_02_08.pdf,657,53,27,2026-09-19T16:56:33.170767222Z
01M2X9HV30SEFPQJQ89VE1YHWT,01M2X9HV2X0W5JSGJ7VY0VSMMN,pdf,/home/michael/Documents/csc-404/MIVA-CSC404RM_Y4_02_09.pdf,727,42,20,2026-09-19T16:56:33.240706876Z
01M2X9HV30447R58FVZESM4MPQ,01M2X9HV2X0W5JSGJ7VY0VSMMN,pdf,/home/michael/Documents/csc-404/Week_5__Multi-class_Logistic_Regression_and_Ranking.pdf,201,24,4,2026-09-19T16:56:33.47661137Z
01M2X9HV302TE1HZ1EE0HDP314,01M2X9HV2X0W5JSGJ7VY0VSMMN,pdf,/home/michael/Documents/csc-404/MIVA-CSC404WS_Y4_02_02.pdf,264,26,11,2026-09-19T16:56:33.539680377Z
01M2X9HV30RPZ8AWM6A204FS6K,01M2X9HV2X0W5JSGJ7VY0VSMMN,pdf,/home/michael/Documents/csc-404/MIVA-CSC404WS_Y4_02_01.pdf,333,31,22,2026-09-19T16:56:33.609099372Z
01M2X9M4M43E65D0C9D4HYD5NK,01M2X9M4M3FKQMVZNYF46E98ND,pdf,/home/michael/Documents/csc-404/MIVA-CSC404LL_Y4_02_02_Logistic Regression.pdf,4807,75,37,2026-09-19T16:57:39.604390186Z
01M2X9M4M41CC14ZFANJHZK6FG,01M2X9M4M3FKQMVZNYF46E98ND,pdf,"/home/michael/Documents/csc-404/MIVA-CSC404LL_Y4_02_03_SVM Theory_ Margins, Hyperplanes, and Kernels.pdf.pdf",4969,69,35,2026-09-19T16:57:39.767345274Z
01M2X9M4M4ZCNXXD27Y67AK1JF,01M2X9M4M3FKQMVZNYF46E98ND,pdf,/home/michael/Documents/csc-404/MIVA-CSC404LL_Y4_02_01_Introduction to Supervised Learning.pptx.pdf,4989,106,60,2026-09-19T16:57:39.786945217Z
01M2X9M4M4T60MAT0WMV8V98WE,01M2X9M4M3FKQMVZNYF46E98ND,pdf,/home/michael/Documents/csc-404/CSC 404_Machine Learning_Course Material.docx.pdf,10466,1345,271,2026-09-19T16:57:45.263817305Z
01M2X9M4M5A6VX7GMRZMWX4TC2,01M2X9M4M3FKQMVZNYF46E98ND,pdf,/home/michael/Documents/csc-404/MIVA-CSC404RM_Y4_02_01.pdf,445,39,26,2026-09-19T16:57:46.487094205Z
01M2X9M4M41CD6WFCAZZ9JBJ7A,01M2X9M4M3FKQMVZNYF46E98ND,pdf,/home/michael/Documents/csc-404/MIVA-CSC404LL_Y4_02_04_Feature selection_ Techniques and importance.pptx.pdf,571,62,29,2026-09-19T16:57:46.612949403Z
01M2X9M4M5TYGETR5D4BCN3AHE,01M2X9M4M3FKQMVZNYF46E98ND,pdf,/home/michael/Documents/csc-404/MIVA-CSC404RM_Y4_02_02.pdf,640,50,25,2026-09-19T16:57:46.682548511Z
01M2X9M4M5R5B2J21JF22FEPQT,01M2X9M4M3FKQMVZNYF46E98ND,pdf,/home/michael/Documents/csc-404/MIVA-CSC404RM_Y4_02_03 (1).pdf,705,61,29,2026-09-19T16:57:46.747094033Z
01M2X9M4M5138YBHFHEGH39KA5,01M2X9M4M3FKQMVZNYF46E98ND,pdf,/home/michael/Documents/csc-404/MIVA-CSC404RM_Y4_02_04 (1).pdf,467,55,25,2026-09-19T16:57:47.244180603Z
01M2X9M4M59N23Q0PHPYS1FFBF,01M2X9M4M3FKQMVZNYF46E98ND,pdf,/home/michael/Documents/csc-404/MIVA-CSC404RM_Y4_02_04.pdf,581,58,26,2026-09-19T16:57:47.358034813Z
01M2X9M4M5TZZCY8G3ZCJ233K3,01M2X9M4M3FKQMVZNYF46E98ND,pdf,/home/michael/Documents/csc-404/MIVA-CSC404RM_Y4_02_05  (1).pdf,650,49,31,2026-09-19T16:57:47.42825123Z
01M2X9M4M58VEYNZPS010JRW36,01M2X9M4M3FKQMVZNYF46E98ND,pdf,/home/michael/Documents/csc-404/MIVA-CSC404RM_Y4_02_05 .pdf,725,49,31,2026-09-19T16:57:47.503743728Z
01M2X9M4M6EJCFB2SD81Y5AF4X,01M2X9M4M3FKQMVZNYF46E98ND,pdf,/home/michael/Documents/csc-404/MIVA-CSC404RM_Y4_02_09.pdf,430,42,20,2026-09-19T16:57:47.966125151Z
01M2X9M4M5JG3MK33WMBXBTKY1,01M2X9M4M3FKQMVZNYF46E98ND,pdf,/home/michael/Documents/csc-404/MIVA-CSC404RM_Y4_02_06.pdf,514,51,23,2026-09-19T16:57:48.049227895Z
01M2X9M4M57B30D64F6EFX5Z9A,01M2X9M4M3FKQMVZNYF46E98ND,pdf,/home/michael/Documents/csc-404/MIVA-CSC404RM_Y4_02_08.pdf,635,53,27,2026-09-19T16:57:48.17052864Z
01M2X9M4M5MT7CT0J9JBNDSX5F,01M2X9M4M3FKQMVZNYF46E98ND,pdf,/home/michael/Documents/csc-404/MIVA-CSC404RM_Y4_02_07.pdf,684,38,18,2026-09-19T16:57:48.220410075Z
01M2X9M4M6P24TP6NXCDTJMPJ6,01M2X9M4M3FKQMVZNYF46E98ND,pdf,/home/michael/Documents/csc-404/MIVA-CSC404WS_Y4_02_01.pdf,253,31,22,2026-09-19T16:57:48.512875448Z
01M2X9M4M6FZPJ31NH7D232TR3,01M2X9M4M3FKQMVZNYF46E98ND,pdf,/home/michael/Documents/csc-404/MIVA-CSC404WS_Y4_02_02.pdf,272,26,11,2026-09-19T16:57:48.53222902Z
01M2X9M4M6MNFWTCVAPEXGTHGZ,01M2X9M4M3FKQMVZNYF46E98ND,pdf,/home/michael/Documents/csc-404/Week_5__Multi-class_Logistic_Regression_and_Ranking.pdf,343,24,4,2026-09-19T16:57:48.604074518Z
01M2XA8Z5E5KWFDFPA99HPWKNE,01M2XA8Z5DR27MKJ3JX46C505J,pdf,/home/michael/Documents/cyb-404/CYB 404CS_Y4_02_01_Security Risks in Cloud Systems.pdf,6930,23,20,2026-09-19T17:09:04.311604124Z
01M2XA8Z5EHXENH58KQRW9R8AV,01M2XA8Z5DR27MKJ3JX46C505J,pdf,"/home/michael/Documents/cyb-404/CYB 404LL_Y4_02_01_Explanation of cloud services_ IaaS, PaaS, SaaS.pptx.pdf",7237,165,49,2026-09-19T17:09:04.618352944Z
01M2XA8Z5E102FCH20GYMK2WYT,01M2XA8Z5DR27MKJ3JX46C505J,pdf,/home/michael/Documents/cyb-404/CYB 404LL_Y4_02_02_Open standards in cloud computing.pptx.pdf,7345,111,31,2026-09-19T17:09:04.727144616Z
01M2XA8Z5EB1SFW7SEG363ATAH,01M2XA8Z5DR27MKJ3JX46C505J,pdf,/home/michael/Documents/cyb-404/cyb-404-cloud-computing-security-course-material.docx.pdf,15414,1440,369,2026-09-19T17:09:12.795644142Z
01M2XA8Z5F0D8H8GWHZJN8F4K4,01M2XA8Z5DR27MKJ3JX46C505J,pdf,/home/michael/Documents/cyb-404/CYB 404RM_Y4_02_02_Benefits and Challenges of Each Cloud Deployment Model.pdf,819,55,30,2026-09-19T17:09:14.72877811Z
01M2XA8Z5FMVZS5VT231XQY4CT,01M2XA8Z5DR27MKJ3JX46C505J,pdf,"/home/michael/Documents/cyb-404/CYB 404RM_Y4_02_01_Cloud-Enabling Technologies_ Virtualisation, Multi-tenancy.pdf",960,66,27,2026-09-19T17:09:14.869803693Z
01M2XA8Z5F84XJQ6HHW90HY9EE,01M2XA8Z5DR27MKJ3JX46C505J,pdf,/home/michael/Documents/cyb-404/CYB 404RM_Y4_02_03_Architectural best practices for cloud design.pdf,1173,62,26,2026-09-19T17:09:15.083658139Z
01M2XA8Z5E6CGS40HHXBVEBRCD,01M2XA8Z5DR27MKJ3JX46C505J,pdf,"/home/michael/Documents/cyb-404/CYB 404LL_Y4_02_03_Cloud threats_ Data breaches, DDoS attacks, and other vulnerabilities.pptx.pdf",1336,144,54,2026-09-19T17:09:15.246310066Z
01M2XA8Z5F24VD4XPCT4Z8CXSY,01M2XA8Z5DR27MKJ3JX46C505J,pdf,/home/michael/Documents/cyb-404/CYB 404WS_Y4_02_03_Threat Mitigation Strategies in Cloud Computing.pdf,505,34,18,2026-09-19T17:09:15.833743825Z
01M2XA8Z5FN3KE1PJM0C696RA0,01M2XA8Z5DR27MKJ3JX46C505J,pdf,/home/michael/Documents/cyb-404/CYB 404RM_Y4_02_04_Key challenges in securing cloud environments.pdf,584,60,29,2026-09-19T17:09:15.91251501Z
01M2XA8Z5FWZAN1EXKVBJ5YH3J,01M2XA8Z5DR27MKJ3JX46C505J,pdf,/home/michael/Documents/cyb-404/CYB 404WS_Y4_02_01_Benefits and Challenges of Each Cloud Deployment Model.pdf,755,29,19,2026-09-19T17:09:16.084252063Z
01M2XA8Z5F49W9AABAQ75791P3,01M2XA8Z5DR27MKJ3JX46C505J,pdf,/home/michael/Documents/cyb-404/CYB 404RM_Y4_02_05_Threat Mitigation Strategies in Cloud Computing.pdf,819,54,42,2026-09-19T17:09:16.147757281Z
01M2XA8Z5FGCCM5N5G6B6RXY99,01M2XA8Z5DR27MKJ3JX46C505J,pdf,/home/michael/Documents/cyb-404/CYB 404WS_Y4_02_05_The Cloud Reference Model.pdf,235,36,21,2026-09-19T17:09:16.444299455Z
