file_id,tokens,calls,duration_ms,timestamp,tokens_per_call,tokens_per_sec
01M2X9EWX2Y4H9JMFBNAB9V725,1675,75,75,2026-09-19T16:54:48.068797744Z,22.33,22333.3
01M2X9EWX2E3TYSDGRMTVEV2Y0,2301,106,68,2026-09-19T16:54:48.194952843Z,21.71,33838.2
01M2X9EWX23BPDC1X7RV0YC4GE,1441,69,37,2026-09-19T16:54:48.219780849Z,20.88,38945.9
01M2X9EWX2T3M5NVXRS0JESHSD,43874,1345,796,2026-09-19T16:54:54.370200779Z,32.62,55118.1
01M2X9EWX3Y9RV10Y5C0BYC2P3,1177,61,39,2026-09-19T16:54:54.88103831Z,19.3,30179.5
01M2X9EWX2BRXTBWGGTN55FMH7,1544,62,62,2026-09-19T16:54:55.010588502Z,24.9,24903.2
01M2X9EWX3JQJKCJD6THH6GGYE,1130,39,30,2026-09-19T16:54:55.04945101Z,28.97,37666.7
01M2X9EWX371RTPYZD2ATAKS5W,1158,50,25,2026-09-19T16:54:55.102454957Z,23.16,46320.0
01M2X9EWX3QJH4HFYJP4D5M6E4,1702,55,54,2026-09-19T16:54:55.616847248Z,30.95,31518.5
01M2X9EWX4AJMTMPP6BRQFGNH9,1472,49,84,2026-09-19T16:54:55.736117667Z,30.04,17523.8
01M2X9EWX3VHSFG0T7CP5BYJDB,1369,58,53,2026-09-19T16:54:55.882911485Z,23.6,25830.2
01M2X9EWX3B4XW6EZM79A3RP5G,1472,49,27,2026-09-19T16:54:55.910708031Z,30.04,54518.5
01M2X9EWX5QD89W1EB69JBZEWB,1505,38,60,2026-09-19T16:54:56.436410245Z,39.61,25083.3
01M2X9EWX6P85N2FP69NJS7YW0,1939,53,50,2026-09-19T16:54:56.529827818Z,36.58,38780.0
01M2X9EWX4CNFFWEFQVERF03GN,1527,51,35,2026-09-19T16:54:56.615260093Z,29.94,43628.6
01M2X9EWX63REZMSP69ETH4VXT,1666,42,34,2026-09-19T16:54:56.692572332Z,39.67,49000.0
01M2X9EWX7RZMCDEBF6MMQJ5NV,737,26,24,2026-09-19T16:54:56.934316862Z,28.35,30708.3
01M2X9EWX7T4E12QFW57E5GC05,972,31,31,2026-09-19T16:54:57.003513496Z,31.35,31354.8
01M2X9EWX7G66QRB29R2VKQXME,734,24,16,2026-09-19T16:54:57.029075979Z,30.58,45875.0
01M2X9HV2ZJRGAG6K8DBE9P867,1675,75,72,2026-09-19T16:56:24.612088739Z,22.33,23263.9
01M2X9HV2ZRDEXBXC1ZHSD2TXM,1441,69,60,2026-09-19T16:56:24.748218873Z,20.88,24016.7
01M2X9HV2Y49D5WR2EFK6ARWTK,2301,106,82,2026-09-19T16:56:24.791175406Z,21.71,28061.0
01M2X9HV2YSJV9Z7YH189AE452,43874,1345,797,2026-09-19T16:56:31.025243017Z,32.62,55048.9
01M2X9HV2ZDWWKN869C41P8KNV,1544,62,90,2026-09-19T16:56:31.605939675Z,24.9,17155.6
01M2X9HV2Z694Y06EC5P06ZZ21,1130,39,74,2026-09-19T16:56:31.667919703Z,28.97,15270.3
01M2X9HV2Z27HB1FE39WN9F3ZJ,1158,50,37,2026-09-19T16:56:31.696834807Z,23.16,31297.3
01M2X9HV2Z075465NWHKNRGZAR,1177,61,30,2026-09-19T16:56:31.758802512Z,19.3,39233.3
01M2X9HV2ZEMTAQAHV7T17GVCE,1702,55,62,2026-09-19T16:56:32.275597241Z,30.95,27451.6
01M2X9HV2ZXKWMCZM7JA2PX803,1369,58,47,2026-09-19T16:56:32.410240173Z,23.6,29127.7
01M2X9HV305G4S5WD9K4KZNEAV,1472,49,50,2026-09-19T16:56:32.46053108Z,30.04,29440.0
01M2X9HV309FNTRS0ZZZ1EPAQK,1472,49,32,2026-09-19T16:56:32.511315971Z,30.04,46000.0
01M2X9HV30TEEV2AE5VZJ1Y141,1505,38,53,2026-09-19T16:56:33.015320281Z,39.61,28396.2
01M2X9HV30VYB98G63CNNEHQ4H,1527,51,49,2026-09-19T16:56:33.091085803Z,29.94,31163.3
01M2X9HV30DJ2QRFKK673GGPS1,1939,53,55,2026-09-19T16:56:33.226442477Z,36.58,35254.5
01M2X9HV30SEFPQJQ89VE1YHWT,1666,42,33,2026-09-19T16:56:33.274323002Z,39.67,50484.8
01M2X9HV30447R58FVZESM4MPQ,734,24,33,2026-09-19T16:56:33.51070519Z,30.58,22242.4
01M2X9HV302TE1HZ1EE0HDP314,737,26,22,2026-09-19T16:56:33.562284838Z,28.35,33500.0
01M2X9HV30RPZ8AWM6A204FS6K,972,31,20,2026-09-19T16:56:33.629351476Z,31.35,48600.0
01M2X9M4M43E65D0C9D4HYD5NK,1675,75,88,2026-09-19T16:57:39.69328771Z,22.33,19034.1
01M2X9M4M41CC14ZFANJHZK6FG,1441,69,67,2026-09-19T16:57:39.835297411Z,20.88,21507.5
01M2X9M4M4ZCNXXD27Y67AK1JF,2301,106,85,2026-09-19T16:57:39.873253389Z,21.71,27070.6
01M2X9M4M4T60MAT0WMV8V98WE,43874,1345,776,2026-09-19T16:57:46.040502449Z,32.62,56538.7
01M2X9M4M5A6VX7GMRZMWX4TC2,1130,39,35,2026-09-19T16:57:46.522438466Z,28.97,32285.7
01M2X9M4M41CD6WFCAZZ9JBJ7A,1544,62,57,2026-09-19T16:57:46.670880649Z,24.9,27087.7
01M2X9M4M5TYGETR5D4BCN3AHE,1158,50,38,2026-09-19T16:57:46.721241334Z,23.16,30473.7
01M2X9M4M5R5B2J21JF22FEPQT,1177,61,28,2026-09-19T16:57:46.775462861Z,19.3,42035.7
01M2X9M4M5138YBHFHEGH39KA5,1702,55,53,2026-09-19T16:57:47.297683897Z,30.95,32113.2
01M2X9M4M59N23Q0PHPYS1FFBF,1369,58,51,2026-09-19T16:57:47.410195581Z,23.6,26843.1
01M2X9M4M5TZZCY8G3ZCJ233K3,1472,49,41,2026-09-19T16:57:47.47047764Z,30.04,35902.4
01M2X9M4M58VEYNZPS010JRW36,1472,49,30,2026-09-19T16:57:47.534128495Z,30.04,49066.7
01M2X9M4M6EJCFB2SD81Y5AF4X,1666,42,57,2026-09-19T16:57:48.024251816Z,39.67,29228.1
01M2X9M4M5JG3MK33WMBXBTKY1,1527,51,64,2026-09-19T16:57:48.114217962Z,29.94,23859.4
01M2X9M4M57B30D64F6EFX5Z9A,1939,53,44,2026-09-19T16:57:48.215428316Z,36.58,44068.2
01M2X9M4M5MT7CT0J9JBNDSX5F,1505,38,37,2026-09-19T16:57:48.258587311Z,39.61,40675.7
01M2X9M4M6P24TP6NXCDTJMPJ6,972,31,41,2026-09-19T16:57:48.554449042Z,31.35,23707.3
01M2X9M4M6FZPJ31NH7D232TR3,737,26,26,2026-09-19T16:57:48.559016669Z,28.35,28346.2
01M2X9M4M6MNFWTCVAPEXGTHGZ,734,24,18,2026-09-19T16:57:48.62270989Z,30.58,40777.8
01M2XA8Z5E5KWFDFPA99HPWKNE,1522,23,65,2026-09-19T17:09:04.378574181Z,66.17,23415.4
01M2XA8Z5EHXENH58KQRW9R8AV,2119,165,76,2026-09-19T17:09:04.694704453Z,12.84,27881.6
01M2XA8Z5E102FCH20GYMK2WYT,2081,111,59,2026-09-19T17:09:04.787150155Z,18.75,35271.2
01M2XA8Z5EB1SFW7SEG363ATAH,59822,1440,1112,2026-09-19T17:09:13.908302922Z,41.54,53796.8
01M2XA8Z5F0D8H8GWHZJN8F4K4,2354,55,124,2026-09-19T17:09:14.853810707Z,42.8,18983.9
01M2XA8Z5FMVZS5VT231XQY4CT,2450,66,98,2026-09-19T17:09:14.968426551Z,37.12,25000.0
01M2XA8Z5F84XJQ6HHW90HY9EE,1981,62,66,2026-09-19T17:09:15.150313104Z,31.95,30015.2
01M2XA8Z5E6CGS40HHXBVEBRCD,3526,144,80,2026-09-19T17:09:15.327246722Z,24.49,44075.0
01M2XA8Z5F24VD4XPCT4Z8CXSY,737,34,46,2026-09-19T17:09:15.880214373Z,21.68,16021.7
01M2XA8Z5FN3KE1PJM0C696RA0,2068,60,69,2026-09-19T17:09:15.982693514Z,34.47,29971.0
01M2XA8Z5FWZAN1EXKVBJ5YH3J,577,29,27,2026-09-19T17:09:16.112149911Z,19.9,21370.4
01M2XA8Z5F49W9AABAQ75791P3,2514,54,60,2026-09-19T17:09:16.208151751Z,46.56,41900.0
01M2XA8Z5FGCCM5N5G6B6RXY99,1416,36,42,2026-09-19T17:09:16.487159753Z,39.33,33714.3
