file_id,segments,total_tokens,tokens_per_segment,timestamp
01M2X9EWX2Y4H9JMFBNAB9V725,3,1675,558.3,2026-09-19T16:54:48.069119768Z
01M2X9EWX2E3TYSDGRMTVEV2Y0,2,2301,1150.5,2026-09-19T16:54:48.195299058Z
01M2X9EWX23BPDC1X7RV0YC4GE,2,1441,720.5,2026-09-19T16:54:48.220139839Z
01M2X9EWX2T3M5NVXRS0JESHSD,114,43874,384.9,2026-09-19T16:54:54.370509736Z
01M2X9EWX3Y9RV10Y5C0BYC2P3,2,1177,588.5,2026-09-19T16:54:54.881285335Z
01M2X9EWX2BRXTBWGGTN55FMH7,3,1544,514.7,2026-09-19T16:54:55.010844193Z
01M2X9EWX3JQJKCJD6THH6GGYE,3,1130,376.7,2026-09-19T16:54:55.04970603Z
01M2X9EWX371RTPYZD2ATAKS5W,3,1158,386.0,2026-09-19T16:54:55.102910347Z
01M2X9EWX3QJH4HFYJP4D5M6E4,4,1702,425.5,2026-09-19T16:54:55.617118591Z
01M2X9EWX4AJMTMPP6BRQFGNH9,3,1472,490.7,2026-09-19T16:54:55.736500362Z
01M2X9EWX3VHSFG0T7CP5BYJDB,4,1369,342.2,2026-09-19T16:54:55.883085109Z
01M2X9EWX3B4XW6EZM79A3RP5G,3,1472,490.7,2026-09-19T16:54:55.910918605Z
01M2X9EWX5QD89W1EB69JBZEWB,4,1505,376.2,2026-09-19T16:54:56.437018374Z
01M2X9EWX6P85N2FP69NJS7YW0,5,1939,387.8,2026-09-19T16:54:56.530058438Z
01M2X9EWX4CNFFWEFQVERF03GN,5,1527,305.4,2026-09-19T16:54:56.615482042Z
01M2X9EWX63REZMSP69ETH4VXT,3,1666,555.3,2026-09-19T16:54:56.692855191Z
01M2X9EWX7RZMCDEBF6MMQJ5NV,2,737,368.5,2026-09-19T16:54:56.934588216Z
01M2X9EWX7T4E12QFW57E5GC05,3,972,324.0,2026-09-19T16:54:57.003896583Z
01M2X9EWX7G66QRB29R2VKQXME,3,734,244.7,2026-09-19T16:54:57.029288967Z
01M2X9HV2ZJRGAG6K8DBE9P867,3,1675,558.3,2026-09-19T16:56:24.612338012Z
01M2X9HV2ZRDEXBXC1ZHSD2TXM,2,1441,720.5,2026-09-19T16:56:24.748463954Z
01M2X9HV2Y49D5WR2EFK6ARWTK,2,2301,1150.5,2026-09-19T16:56:24.791392041Z
01M2X9HV2YSJV9Z7YH189AE452,114,43874,384.9,2026-09-19T16:56:31.025479526Z
01M2X9HV2ZDWWKN869C41P8KNV,3,1544,514.7,2026-09-19T16:56:31.606496822Z
01M2X9HV2Z694Y06EC5P06ZZ21,3,1130,376.7,2026-09-19T16:56:31.668205347Z
01M2X9HV2Z27HB1FE39WN9F3ZJ,3,1158,386.0,2026-09-19T16:56:31.697111021Z
01M2X9HV2Z075465NWHKNRGZAR,2,1177,588.5,2026-09-19T16:56:31.759037337Z
01M2X9HV2ZEMTAQAHV7T17GVCE,4,1702,425.5,2026-09-19T16:56:32.27586345Z
01M2X9HV2ZXKWMCZM7JA2PX803,4,1369,342.2,2026-09-19T16:56:32.41047892Z
01M2X9HV305G4S5WD9K4KZNEAV,3,1472,490.7,2026-09-19T16:56:32.460804429Z
01M2X9HV309FNTRS0ZZZ1EPAQK,3,1472,490.7,2026-09-19T16:56:32.511860037Z
01M2X9HV30TEEV2AE5VZJ1Y141,4,1505,376.2,2026-09-19T16:56:33.015590187Z
01M2X9HV30VYB98G63CNNEHQ4H,5,1527,305.4,2026-09-19T16:56:33.092114067Z
01M2X9HV30DJ2QRFKK673GGPS1,5,1939,387.8,2026-09-19T16:56:33.226656761Z
01M2X9HV30SEFPQJQ89VE1YHWT,3,1666,555.3,2026-09-19T16:56:33.274541731Z
01M2X9HV30447R58FVZESM4MPQ,3,734,244.7,2026-09-19T16:56:33.510915718Z
01M2X9HV302TE1HZ1EE0HDP314,2,737,368.5,2026-09-19T16:56:33.562511106Z
01M2X9HV30RPZ8AWM6A204FS6K,3,972,324.0,2026-09-19T16:56:33.629562149Z
01M2X9M4M43E65D0C9D4HYD5NK,3,1675,558.3,2026-09-19T16:57:39.693601487Z
01M2X9M4M41CC14ZFANJHZK6FG,2,1441,720.5,2026-09-19T16:57:39.835686829Z
01M2X9M4M4ZCNXXD27Y67AK1JF,2,2301,1150.5,2026-09-19T16:57:39.873507121Z
01M2X9M4M4T60MAT0WMV8V98WE,114,43874,384.9,2026-09-19T16:57:46.040815603Z
01M2X9M4M5A6VX7GMRZMWX4TC2,3,1130,376.7,2026-09-19T16:57:46.522703632Z
01M2X9M4M41CD6WFCAZZ9JBJ7A,3,1544,514.7,2026-09-19T16:57:46.671134189Z
01M2X9M4M5TYGETR5D4BCN3AHE,3,1158,386.0,2026-09-19T16:57:46.721496809Z
01M2X9M4M5R5B2J21JF22FEPQT,2,1177,588.5,2026-09-19T16:57:46.775681585Z
01M2X9M4M5138YBHFHEGH39KA5,4,1702,425.5,2026-09-19T16:57:47.297929659Z
01M2X9M4M59N23Q0PHPYS1FFBF,4,1369,342.2,2026-09-19T16:57:47.410470409Z
01M2X9M4M5TZZCY8G3ZCJ233K3,3,1472,490.7,2026-09-19T16:57:47.470837769Z
01M2X9M4M58VEYNZPS010JRW36,3,1472,490.7,2026-09-19T16:57:47.534406797Z
01M2X9M4M6EJCFB2SD81Y5AF4X,3,1666,555.3,2026-09-19T16:57:48.024531941Z
01M2X9M4M5JG3MK33WMBXBTKY1,5,1527,305.4,2026-09-19T16:57:48.114459186Z
01M2X9M4M57B30D64F6EFX5Z9A,5,1939,387.8,2026-09-19T16:57:48.21569713Z
01M2X9M4M5MT7CT0J9JBNDSX5F,4,1505,376.2,2026-09-19T16:57:48.258809332Z
01M2X9M4M6P24TP6NXCDTJMPJ6,3,972,324.0,2026-09-19T16:57:48.55470532Z
01M2X9M4M6FZPJ31NH7D232TR3,2,737,368.5,2026-09-19T16:57:48.55929263Z
01M2X9M4M6MNFWTCVAPEXGTHGZ,3,734,244.7,2026-09-19T16:57:48.622923684Z
01M2XA8Z5E5KWFDFPA99HPWKNE,4,1522,380.5,2026-09-19T17:09:04.379040509Z
01M2XA8Z5EHXENH58KQRW9R8AV,3,2119,706.3,2026-09-19T17:09:04.69507194Z
01M2XA8Z5E102FCH20GYMK2WYT,6,2081,346.8,2026-09-19T17:09:04.787402341Z
01M2XA8Z5EB1SFW7SEG363ATAH,132,59822,453.2,2026-09-19T17:09:13.908659622Z
01M2XA8Z5F0D8H8GWHZJN8F4K4,4,2354,588.5,2026-09-19T17:09:14.854065575Z
01M2XA8Z5FMVZS5VT231XQY4CT,8,2450,306.2,2026-09-19T17:09:14.9686731Z
01M2XA8Z5F84XJQ6HHW90HY9EE,5,1981,396.2,2026-09-19T17:09:15.150598778Z
01M2XA8Z5E6CGS40HHXBVEBRCD,8,3526,440.8,2026-09-19T17:09:15.32754368Z
01M2XA8Z5F24VD4XPCT4Z8CXSY,1,737,737.0,2026-09-19T17:09:15.880459664Z
01M2XA8Z5FN3KE1PJM0C696RA0,7,2068,295.4,2026-09-19T17:09:15.982991594Z
01M2XA8Z5FWZAN1EXKVBJ5YH3J,1,577,577.0,2026-09-19T17:09:16.112404221Z
01M2XA8Z5F49W9AABAQ75791P3,3,2514,838.0,2026-09-19T17:09:16.208493241Z
01M2XA8Z5FGCCM5N5G6B6RXY99,3,1416,472.0,2026-09-19T17:09:16.487454771Z
